draw,wild_t,wild_effect,observed_t,wild_two_sided_p
1,-2.2936352814767083,-209.01078416291367,-3.6057776634675798,0.03
2,0.3491758761660756,34.91454365052363,-3.6057776634675798,0.03
3,1.4028035679122932,107.9208865371981,-3.6057776634675798,0.03
4,1.4357616625731464,118.9799601030187,-3.6057776634675798,0.03
5,-1.0306615336648701,-93.14026302199017,-3.6057776634675798,0.03
6,0.39431526721333604,24.553360862482368,-3.6057776634675798,0.03
7,1.9352957507405346,212.0374100858889,-3.6057776634675798,0.03
8,-0.6183457282886974,-72.82114171414163,-3.6057776634675798,0.03
9,-0.018936850968287254,-1.8779549162797553,-3.6057776634675798,0.03
10,0.4205246161089459,53.98027540965084,-3.6057776634675798,0.03
11,-0.31974864396110153,-30.024440523458292,-3.6057776634675798,0.03
12,-2.4905546159745944,-235.5419328944579,-3.6057776634675798,0.03
13,3.3057967323894353,273.8144989376494,-3.6057776634675798,0.03
14,0.4249485252722359,39.357988827645286,-3.6057776634675798,0.03
15,3.436902612873162,232.96860767908976,-3.6057776634675798,0.03
16,2.6301966152303846,216.09702629604985,-3.6057776634675798,0.03
17,0.18883054567478838,35.18811744508517,-3.6057776634675798,0.03
18,-0.3647381274031127,-22.57962098435502,-3.6057776634675798,0.03
19,-1.7239046069766668,-115.97607838066759,-3.6057776634675798,0.03
20,0.20525600199950272,16.358403162932714,-3.6057776634675798,0.03
21,-0.04825015364075764,-3.5728509988902992,-3.6057776634675798,0.03
22,-0.6709861520354394,-56.74190309299186,-3.6057776634675798,0.03
23,2.8031207389858523,251.42348377407265,-3.6057776634675798,0.03
24,3.547829647940678,257.6833370893547,-3.6057776634675798,0.03
25,-2.253850532523586,-207.42017128901733,-3.6057776634675798,0.03
26,-2.3444861953721707,-180.66437561026126,-3.6057776634675798,0.03
27,1.276912530257852,179.69678498552489,-3.6057776634675798,0.03
28,-0.6512682016124726,-61.85936334717197,-3.6057776634675798,0.03
29,1.6202365936411396,110.58037368422943,-3.6057776634675798,0.03
30,1.5815260128725637,160.64983826816578,-3.6057776634675798,0.03
31,-2.6894552049522074,-277.6952641101578,-3.6057776634675798,0.03
32,2.05705729034719,200.9629008720369,-3.6057776634675798,0.03
33,-0.44155145389813716,-66.60586124519975,-3.6057776634675798,0.03
34,1.534532779178649,166.54359483081817,-3.6057776634675798,0.03
35,-2.001962728025094,-159.9100460632192,-3.6057776634675798,0.03
36,1.054119235381679,109.90011871871376,-3.6057776634675798,0.03
37,1.9184031244484283,224.81948669302494,-3.6057776634675798,0.03
38,0.13200895186657843,11.018411259677944,-3.6057776634675798,0.03
39,2.266953726109727,228.98765638460608,-3.6057776634675798,0.03
40,0.40989725562325174,37.540198852973816,-3.6057776634675798,0.03
41,0.07622420932582558,8.279590028104735,-3.6057776634675798,0.03
42,0.1882390906408566,27.9678361368965,-3.6057776634675798,0.03
43,-0.562577236281919,-87.38903451741959,-3.6057776634675798,0.03
44,0.43408121579195236,42.41147089717255,-3.6057776634675798,0.03
45,-2.698427790744614,-251.52021938072522,-3.6057776634675798,0.03
46,3.0719328142128024,239.35080793284396,-3.6057776634675798,0.03
47,0.31872739416368334,29.79403986733815,-3.6057776634675798,0.03
48,-1.6078756628439088,-142.3300786200248,-3.6057776634675798,0.03
49,0.15252810224698507,15.626416711256294,-3.6057776634675798,0.03
50,0.7306497284428743,71.33239931023985,-3.6057776634675798,0.03
51,-0.7665973795994404,-71.5641042441911,-3.6057776634675798,0.03
52,1.4870054788592884,109.71512035192441,-3.6057776634675798,0.03
53,3.4969223597914425,259.1432608285224,-3.6057776634675798,0.03
54,-1.2821242805662076,-111.9621680782824,-3.6057776634675798,0.03
55,-1.7990280603812816,-189.37885530431916,-3.6057776634675798,0.03
56,1.1787869426464095,115.90435689224243,-3.6057776634675798,0.03
57,-2.493761424500354,-176.69259403950673,-3.6057776634675798,0.03
58,0.764489673326489,80.46033163629157,-3.6057776634675798,0.03
59,1.0911214150077848,140.87542708833703,-3.6057776634675798,0.03
60,-1.1116045498068678,-101.24895105138543,-3.6057776634675798,0.03
61,-0.8608950863763611,-75.16840111216402,-3.6057776634675798,0.03
62,1.251917768447099,159.3221712516716,-3.6057776634675798,0.03
63,0.7751644581700236,70.64321411043844,-3.6057776634675798,0.03
64,-0.05653965368903935,-7.25027060510336,-3.6057776634675798,0.03
65,0.9912059090867942,100.35171182220145,-3.6057776634675798,0.03
66,0.05064918643586665,7.766389753489273,-3.6057776634675798,0.03
67,1.3128012804625233,165.65032728710742,-3.6057776634675798,0.03
68,4.000159623524952,268.28231520542084,-3.6057776634675798,0.03
69,-3.083267320676918,-245.95493018436636,-3.6057776634675798,0.03
70,-2.1629400936306022,-154.10362031984857,-3.6057776634675798,0.03
71,-1.1664637030567964,-103.26719016751944,-3.6057776634675798,0.03
72,3.3054143631328534,203.7379735489691,-3.6057776634675798,0.03
73,-1.0657337910555238,-100.58973493853749,-3.6057776634675798,0.03
74,-1.8860875841765374,-210.5936288567348,-3.6057776634675798,0.03
75,-0.4471961001348077,-45.754037243592656,-3.6057776634675798,0.03
76,0.48949022766955963,40.626271086212306,-3.6057776634675798,0.03
77,1.3859770726019536,160.30785812768127,-3.6057776634675798,0.03
78,-1.2558659578321647,-110.93355061011388,-3.6057776634675798,0.03
79,0.558821025773304,86.90474072119673,-3.6057776634675798,0.03
80,1.7199334463989817,186.49819363588466,-3.6057776634675798,0.03
81,1.7834107063864792,166.57437896161503,-3.6057776634675798,0.03
82,-0.9332898575888544,-89.1244155881855,-3.6057776634675798,0.03
83,-0.2791655893399642,-27.933407794529785,-3.6057776634675798,0.03
84,1.136570103900972,94.68937348272684,-3.6057776634675798,0.03
85,0.5775118411790936,68.23115062718264,-3.6057776634675798,0.03
86,-1.266747061411361,-112.58997965383993,-3.6057776634675798,0.03
87,-3.8755510752513933,-267.8148809106071,-3.6057776634675798,0.03
88,2.4352330159271087,196.71645330560324,-3.6057776634675798,0.03
89,0.3821646756496132,27.03133646620133,-3.6057776634675798,0.03
90,-1.0870812425509317,-131.8916580714508,-3.6057776634675798,0.03
91,1.2407036603684272,140.4195561175358,-3.6057776634675798,0.03
92,-2.200852343400436,-169.00817188993872,-3.6057776634675798,0.03
93,0.9065122702586497,92.49234128782038,-3.6057776634675798,0.03
94,-0.1627547263601828,-11.915669795753018,-3.6057776634675798,0.03
95,2.91118749879054,239.85891826632238,-3.6057776634675798,0.03
96,-0.1579513886377728,-16.364354829258804,-3.6057776634675798,0.03
97,-1.1289900591306203,-119.91417926201063,-3.6057776634675798,0.03
98,1.45309928265249,118.91680291052714,-3.6057776634675798,0.03
99,-0.36760062294522844,-35.749861486930975,-3.6057776634675798,0.03
100,3.0943156104365275,222.60856092016058,-3.6057776634675798,0.03
101,0.0911321703421014,9.515983820799903,-3.6057776634675798,0.03
102,0.5543814835134827,42.28707541504688,-3.6057776634675798,0.03
103,-0.11554834597557674,-9.175596585628284,-3.6057776634675798,0.03
104,2.1232854994384245,189.63973627051465,-3.6057776634675798,0.03
105,0.2485528555749623,16.865104375674523,-3.6057776634675798,0.03
106,-2.0597116814714926,-219.20826697696018,-3.6057776634675798,0.03
107,-1.143843688786797,-101.24335497095362,-3.6057776634675798,0.03
108,-2.044839791461769,-177.16915030678186,-3.6057776634675798,0.03
109,-1.6636435142863826,-159.73594259368377,-3.6057776634675798,0.03
110,-1.1467410816991854,-103.01989082291306,-3.6057776634675798,0.03
111,1.20938903336989,132.93741745250864,-3.6057776634675798,0.03
112,0.15193189097814566,14.616933770781383,-3.6057776634675798,0.03
113,-1.3163775902362238,-116.48483928751685,-3.6057776634675798,0.03
114,1.5382136245069615,181.29757319438363,-3.6057776634675798,0.03
115,2.4026506253857547,212.25089082131944,-3.6057776634675798,0.03
116,-3.702315919811748,-258.63906329951016,-3.6057776634675798,0.03
117,-0.10046415648061355,-9.296858293188745,-3.6057776634675798,0.03
118,-0.39052085117310287,-32.65310036104994,-3.6057776634675798,0.03
119,-1.268746304139018,-95.42486672000021,-3.6057776634675798,0.03
120,1.3970528155840651,114.82173019445581,-3.6057776634675798,0.03
121,2.087915286090008,200.50408358816063,-3.6057776634675798,0.03
122,-1.7205025773733604,-205.93884811519334,-3.6057776634675798,0.03
123,-0.9006101142687598,-140.5172300940504,-3.6057776634675798,0.03
124,0.6099607684474824,90.37013531441994,-3.6057776634675798,0.03
125,-1.0012551037679258,-90.1313842382013,-3.6057776634675798,0.03
126,-0.472174367866821,-46.71259116643877,-3.6057776634675798,0.03
127,5.583215309164254,319.8809758088258,-3.6057776634675798,0.03
128,-0.38263773364265086,-39.16075763576536,-3.6057776634675798,0.03
129,-3.2696902184830257,-204.18147598871732,-3.6057776634675798,0.03
130,-1.2955950406029804,-154.15599594524426,-3.6057776634675798,0.03
131,-1.0126457165169764,-98.88749284674842,-3.6057776634675798,0.03
132,2.641287106641656,212.20618698208952,-3.6057776634675798,0.03
133,2.713194145172601,229.60492564794563,-3.6057776634675798,0.03
134,0.8021057593713206,119.4667094386077,-3.6057776634675798,0.03
135,-0.4046615854930333,-37.384367584690054,-3.6057776634675798,0.03
136,-0.5902752515775881,-55.57275579939411,-3.6057776634675798,0.03
137,1.414898604771989,123.43884249725095,-3.6057776634675798,0.03
138,1.818911506519718,211.9816947234187,-3.6057776634675798,0.03
139,-1.9867330068131466,-181.6972993297378,-3.6057776634675798,0.03
140,-4.9812228901450455,-326.44229718661035,-3.6057776634675798,0.03
141,-2.082217126661627,-221.11312021498676,-3.6057776634675798,0.03
142,-3.487683636341066,-257.33441822401306,-3.6057776634675798,0.03
143,-0.6232131342551691,-67.17533843767497,-3.6057776634675798,0.03
144,-0.01945165525528344,-1.770822745683777,-3.6057776634675798,0.03
145,-1.368482609841996,-141.65981171311856,-3.6057776634675798,0.03
146,-0.9255212728564801,-94.59632545074501,-3.6057776634675798,0.03
147,1.8578944320922122,184.00704354786555,-3.6057776634675798,0.03
148,0.8123287059818072,70.66979263516359,-3.6057776634675798,0.03
149,1.0916296694016105,104.31921692714258,-3.6057776634675798,0.03
150,1.84821661954451,203.14667458707507,-3.6057776634675798,0.03
151,0.6576604639313476,92.78044704174265,-3.6057776634675798,0.03
152,0.6377021814504746,64.33937652130028,-3.6057776634675798,0.03
153,2.2222480365499173,219.80167090440023,-3.6057776634675798,0.03
154,0.28694617678907347,26.730270483037817,-3.6057776634675798,0.03
155,1.5330362162858142,190.07982755504932,-3.6057776634675798,0.03
156,0.3964860080101379,78.27068020314485,-3.6057776634675798,0.03
157,0.3755843062485168,26.268633017132174,-3.6057776634675798,0.03
158,-1.3318413567632361,-157.4750081226441,-3.6057776634675798,0.03
159,1.9368925002344775,182.3056833084618,-3.6057776634675798,0.03
160,-0.6666115122345281,-115.50269498808265,-3.6057776634675798,0.03
161,-2.6325559488889314,-181.13191455975567,-3.6057776634675798,0.03
162,-0.24333476613023536,-20.612406282279675,-3.6057776634675798,0.03
163,0.4435968094209068,44.21333322903581,-3.6057776634675798,0.03
164,3.0782729657513097,198.25965794733557,-3.6057776634675798,0.03
165,0.4931168675352521,45.310325749223004,-3.6057776634675798,0.03
166,-1.8324238484179214,-183.02942220359364,-3.6057776634675798,0.03
167,0.5599064799047768,51.940422953851545,-3.6057776634675798,0.03
168,-1.0086653143641,-132.9890158071791,-3.6057776634675798,0.03
169,-0.8960427840574248,-101.54807609018934,-3.6057776634675798,0.03
170,-2.3644104389363565,-161.84673226010736,-3.6057776634675798,0.03
171,-1.117788281022348,-157.7292838107384,-3.6057776634675798,0.03
172,-0.11135029571587604,-20.67107648386159,-3.6057776634675798,0.03
173,-0.4164572494985988,-73.9040200754154,-3.6057776634675798,0.03
174,1.387641478822836,177.68458166921656,-3.6057776634675798,0.03
175,1.8237336473939636,172.0388876431054,-3.6057776634675798,0.03
176,-0.4898620696115983,-75.75430790640208,-3.6057776634675798,0.03
177,1.1211334318837323,141.94161744496486,-3.6057776634675798,0.03
178,-0.49265604369166116,-58.16305273725779,-3.6057776634675798,0.03
179,0.39209629495667375,37.40679903794833,-3.6057776634675798,0.03
180,0.700564958908707,109.98044838521609,-3.6057776634675798,0.03
181,0.49573840465850244,44.475851403404114,-3.6057776634675798,0.03
182,2.922309788511781,259.19272143885115,-3.6057776634675798,0.03
183,3.657331858732809,254.13400187975202,-3.6057776634675798,0.03
184,1.0296818273586548,99.51761002572518,-3.6057776634675798,0.03
185,0.903491438682739,108.31050689825337,-3.6057776634675798,0.03
186,-0.7332926720916897,-60.121357004552394,-3.6057776634675798,0.03
187,-2.750898271642866,-187.59037070657936,-3.6057776634675798,0.03
188,0.700615103819945,71.86281823150901,-3.6057776634675798,0.03
189,-0.9525289400002107,-130.50928069574988,-3.6057776634675798,0.03
190,-1.7785488019691331,-161.9218308199729,-3.6057776634675798,0.03
191,-2.4866311957157516,-205.04001872581793,-3.6057776634675798,0.03
192,0.4804944808763893,42.75677207995495,-3.6057776634675798,0.03
193,0.9166016136743854,86.37854832624114,-3.6057776634675798,0.03
194,-0.619764354167421,-39.720690952255424,-3.6057776634675798,0.03
195,-1.6218928855503407,-181.35460149998272,-3.6057776634675798,0.03
196,-0.006293388170688835,-0.7060351275662101,-3.6057776634675798,0.03
197,-0.4536495621490261,-55.824340511487804,-3.6057776634675798,0.03
198,2.9342114640541235,207.9809414708534,-3.6057776634675798,0.03
199,1.5377104430262258,107.07418216211946,-3.6057776634675798,0.03
200,0.9541615256305325,96.92346227857132,-3.6057776634675798,0.03
201,-0.048438430505075625,-5.777308951204439,-3.6057776634675798,0.03
202,0.4559928969518615,69.68122911621327,-3.6057776634675798,0.03
203,-0.40155095240895927,-35.20749764262119,-3.6057776634675798,0.03
204,1.1189803763425894,158.39478917939562,-3.6057776634675798,0.03
205,-2.156415539542978,-190.56918217506072,-3.6057776634675798,0.03
206,2.550236559681007,208.53628328654344,-3.6057776634675798,0.03
207,1.6154995651317836,147.67801128483856,-3.6057776634675798,0.03
208,2.505759962168487,244.9912439563133,-3.6057776634675798,0.03
209,-1.0844333128807444,-102.98882868660971,-3.6057776634675798,0.03
210,-0.8662662215878152,-106.927828733072,-3.6057776634675798,0.03
211,-1.4711226359568872,-116.19370511999966,-3.6057776634675798,0.03
212,0.7093033251383212,67.39791621558548,-3.6057776634675798,0.03
213,-0.41201285290116607,-67.94925542632437,-3.6057776634675798,0.03
214,-1.2935343250650706,-160.5461712990663,-3.6057776634675798,0.03
215,-1.7691639164986288,-189.1924036776022,-3.6057776634675798,0.03
216,-0.9454301351143723,-135.84928904763734,-3.6057776634675798,0.03
217,-0.6180053932382289,-72.16824684883375,-3.6057776634675798,0.03
218,1.9544391082804755,187.99995202248263,-3.6057776634675798,0.03
219,-2.3295407902781458,-253.3870689617234,-3.6057776634675798,0.03
220,-1.2115727708626396,-174.237820404677,-3.6057776634675798,0.03
221,0.5343076752354174,78.98252074145589,-3.6057776634675798,0.03
222,-0.37250369341144385,-53.06350592933447,-3.6057776634675798,0.03
223,3.3943764599622344,278.3088625331058,-3.6057776634675798,0.03
224,-0.8425219236131637,-121.00482359393094,-3.6057776634675798,0.03
225,0.04644984631270213,9.063006534260609,-3.6057776634675798,0.03
226,-1.8398014469041792,-189.464430426438,-3.6057776634675798,0.03
227,1.9146444907513525,225.19441826028816,-3.6057776634675798,0.03
228,-1.6446198184364,-125.16188640164195,-3.6057776634675798,0.03
229,-1.902209336341007,-139.30684145313927,-3.6057776634675798,0.03
230,-3.087593148853751,-193.94094736053287,-3.6057776634675798,0.03
231,-0.4943905711063949,-44.05392138778825,-3.6057776634675798,0.03
232,-0.9367202668774052,-91.9532845515177,-3.6057776634675798,0.03
233,-2.165951176619267,-233.02858549274842,-3.6057776634675798,0.03
234,1.3170368462106543,114.09829949384894,-3.6057776634675798,0.03
235,1.4993906907964656,156.05977557414909,-3.6057776634675798,0.03
236,1.2448306050867868,161.5326763290543,-3.6057776634675798,0.03
237,2.451579715794966,216.75794650623763,-3.6057776634675798,0.03
238,-1.7559787727786398,-154.3187503113937,-3.6057776634675798,0.03
239,-2.5530429046090823,-213.88582912354426,-3.6057776634675798,0.03
240,-1.7802846284231713,-152.85168918288485,-3.6057776634675798,0.03
241,-0.13089071540769898,-14.113774321861495,-3.6057776634675798,0.03
242,1.535450491886092,182.38992731841645,-3.6057776634675798,0.03
243,2.119540956559005,171.8492039954909,-3.6057776634675798,0.03
244,1.6419690067426003,124.95075092199868,-3.6057776634675798,0.03
245,0.27591035499984823,33.5845474549431,-3.6057776634675798,0.03
246,1.5420227874254044,128.91670141572808,-3.6057776634675798,0.03
247,1.1415731814452097,96.85847377024416,-3.6057776634675798,0.03
248,1.117848813584798,159.95787312225366,-3.6057776634675798,0.03
249,-1.1447568702993476,-104.43990444444336,-3.6057776634675798,0.03
250,-1.5517954923232546,-201.9901187184063,-3.6057776634675798,0.03
251,-0.8667858500192211,-109.61373356341547,-3.6057776634675798,0.03
252,-0.6342165751387254,-62.84064064344203,-3.6057776634675798,0.03
253,0.6902786917327958,61.19962471325258,-3.6057776634675798,0.03
254,-1.8713890734266256,-205.2561523298703,-3.6057776634675798,0.03
255,-0.0025799250017436446,-0.4476663163233142,-3.6057776634675798,0.03
256,0.8496633184351737,103.5079804766859,-3.6057776634675798,0.03
257,0.8607560880583395,126.25093776949285,-3.6057776634675798,0.03
258,1.7233346166423578,134.91264518121733,-3.6057776634675798,0.03
259,-1.7420539136370197,-148.41141260692044,-3.6057776634675798,0.03
260,-1.7589387104468173,-205.63591813905535,-3.6057776634675798,0.03
261,1.3036227753190557,142.57605171032264,-3.6057776634675798,0.03
262,-1.3241081911837873,-133.12036508088528,-3.6057776634675798,0.03
263,1.1755545969001355,105.5899603597898,-3.6057776634675798,0.03
264,-0.6137762067256558,-79.7764834788752,-3.6057776634675798,0.03
265,0.8036741783307938,94.19006303259702,-3.6057776634675798,0.03
266,1.2533770480764619,110.84982334601037,-3.6057776634675798,0.03
267,0.1143556440028674,9.89071889776626,-3.6057776634675798,0.03
268,-2.401410822429175,-227.7377484272695,-3.6057776634675798,0.03
269,0.66069828325448,102.01543809031745,-3.6057776634675798,0.03
270,-0.08135437974548276,-14.297138385834252,-3.6057776634675798,0.03
271,1.0338498105679705,91.60609630746919,-3.6057776634675798,0.03
272,1.2494772437905077,109.17963436561314,-3.6057776634675798,0.03
273,0.7122527992777552,109.54940050872364,-3.6057776634675798,0.03
274,0.06720801619381833,6.59986461795301,-3.6057776634675798,0.03
275,-2.099302036023244,-208.19252572133288,-3.6057776634675798,0.03
276,-0.9112471999274917,-82.22614544003622,-3.6057776634675798,0.03
277,-1.0638193208925093,-97.44896462517929,-3.6057776634675798,0.03
278,-0.8816098399938223,-94.85041232029575,-3.6057776634675798,0.03
279,0.579624354149183,81.86314908184389,-3.6057776634675798,0.03
280,-0.4745823068789731,-45.185091448526485,-3.6057776634675798,0.03
281,-0.5609716758568426,-36.89702556299897,-3.6057776634675798,0.03
282,-1.4201704629480354,-161.818916729901,-3.6057776634675798,0.03
283,1.1185918410201847,167.65388947909122,-3.6057776634675798,0.03
284,-2.700278863571027,-213.43412154966327,-3.6057776634675798,0.03
285,2.035985041634038,165.5175558340171,-3.6057776634675798,0.03
286,0.7081622720189366,66.23989529590116,-3.6057776634675798,0.03
287,2.8716518610946316,228.02477093950785,-3.6057776634675798,0.03
288,1.0700042400689675,115.03847578955958,-3.6057776634675798,0.03
289,-1.4634915962573753,-129.05831507907868,-3.6057776634675798,0.03
290,-1.7662187338753557,-229.64614427816588,-3.6057776634675798,0.03
291,-0.07517792999157541,-7.639977741134736,-3.6057776634675798,0.03
292,-1.394539274294472,-146.65896600459,-3.6057776634675798,0.03
293,-2.8892380767630583,-267.1991293599442,-3.6057776634675798,0.03
294,1.3921384728883943,178.1198760918552,-3.6057776634675798,0.03
295,1.842629911103305,175.31869850623346,-3.6057776634675798,0.03
296,1.0182745963107218,126.23505928111058,-3.6057776634675798,0.03
297,0.2423280898129833,26.23717588374268,-3.6057776634675798,0.03
298,1.8162955451782379,185.10366522482119,-3.6057776634675798,0.03
299,1.468373463652983,121.40405915854816,-3.6057776634675798,0.03
300,-1.9328191530348415,-241.8446892007417,-3.6057776634675798,0.03
301,0.2510708002914758,25.145554924689236,-3.6057776634675798,0.03
302,2.5233298346603483,187.86794852253016,-3.6057776634675798,0.03
303,-1.6200831282571728,-177.17693286294576,-3.6057776634675798,0.03
304,-2.67836072264915,-233.98049344026316,-3.6057776634675798,0.03
305,3.973737923435828,266.672503530023,-3.6057776634675798,0.03
306,0.8616860586439435,148.47450164893104,-3.6057776634675798,0.03
307,2.0352005855281394,150.31831214989447,-3.6057776634675798,0.03
308,-1.4066217848766946,-182.6093305458214,-3.6057776634675798,0.03
309,-1.142415331114374,-132.78781914344026,-3.6057776634675798,0.03
310,-3.1013606950629784,-241.78153614400492,-3.6057776634675798,0.03
311,-1.7543546873161289,-206.73186255899805,-3.6057776634675798,0.03
312,-1.3201844240389164,-125.98233411878475,-3.6057776634675798,0.03
313,1.3383564258166578,152.31295387462737,-3.6057776634675798,0.03
314,2.7164989964623523,226.6193561198037,-3.6057776634675798,0.03
315,-1.1893812077524326,-104.53981203870043,-3.6057776634675798,0.03
316,0.769756330151574,91.38457728484477,-3.6057776634675798,0.03
317,0.9571229793240402,87.39998234264094,-3.6057776634675798,0.03
318,1.1999343731045347,171.75573059840562,-3.6057776634675798,0.03
319,-1.9291960280770926,-208.71224497109523,-3.6057776634675798,0.03
320,-1.2189312278985192,-112.07518133657872,-3.6057776634675798,0.03
321,-1.5947768812254397,-179.80636038570276,-3.6057776634675798,0.03
322,1.0151306593087899,144.24206726957974,-3.6057776634675798,0.03
323,1.5329474573827675,133.0292267659994,-3.6057776634675798,0.03
324,-1.180600281401578,-173.9398821316561,-3.6057776634675798,0.03
325,1.5372553959298056,124.67116995278909,-3.6057776634675798,0.03
326,-0.8870988664953053,-107.26552066588906,-3.6057776634675798,0.03
327,0.15355699732653502,15.445497484874931,-3.6057776634675798,0.03
328,-3.9455382926413383,-253.08624057181908,-3.6057776634675798,0.03
329,0.21687168763222786,20.22882641731507,-3.6057776634675798,0.03
330,-1.7050166252434062,-230.31990549059006,-3.6057776634675798,0.03
331,0.5378823158373739,81.67515154586279,-3.6057776634675798,0.03
332,-3.153089553100322,-267.0301121457489,-3.6057776634675798,0.03
333,-2.266382620577888,-149.4700902615582,-3.6057776634675798,0.03
334,-0.8111954879545368,-50.64107671282468,-3.6057776634675798,0.03
335,1.083721399064248,98.32027240908437,-3.6057776634675798,0.03
336,-2.3850278291030995,-237.40883939622265,-3.6057776634675798,0.03
337,1.6955564615594714,145.68896892803753,-3.6057776634675798,0.03
338,1.7489879862625453,201.16097957852574,-3.6057776634675798,0.03
339,-0.38188684660299643,-36.301843438888746,-3.6057776634675798,0.03
340,-0.7424684718021003,-70.17575650275657,-3.6057776634675798,0.03
341,2.0445619475454975,226.3588533632391,-3.6057776634675798,0.03
342,-1.7846448710488552,-171.59967091259097,-3.6057776634675798,0.03
343,-3.623431587769517,-271.0464736196614,-3.6057776634675798,0.03
344,-3.324639451015421,-270.38034750297936,-3.6057776634675798,0.03
345,1.9514259237692297,239.14085903426871,-3.6057776634675798,0.03
346,1.4070760674071219,126.99259733009956,-3.6057776634675798,0.03
347,2.0255979101725377,194.33340653035066,-3.6057776634675798,0.03
348,0.7544512507433137,75.05330511938155,-3.6057776634675798,0.03
349,-1.2031511109664652,-125.72513938586917,-3.6057776634675798,0.03
350,0.540547188067497,34.547393952149804,-3.6057776634675798,0.03
351,-2.36100316263939,-183.73855749909492,-3.6057776634675798,0.03
352,0.674651856434934,44.34381091348089,-3.6057776634675798,0.03
353,-2.5092371554983472,-167.81979841819035,-3.6057776634675798,0.03
354,1.9573568658017098,149.18349358005287,-3.6057776634675798,0.03
355,-0.6718569288088674,-63.618909013711196,-3.6057776634675798,0.03
356,-1.3481046154704865,-118.30031576679458,-3.6057776634675798,0.03
357,-0.9627976595337139,-92.18522074255577,-3.6057776634675798,0.03
358,0.9406853561032595,128.64829865954692,-3.6057776634675798,0.03
359,2.540715053938984,208.60778498571105,-3.6057776634675798,0.03
360,-5.66265459428962,-315.7502857562889,-3.6057776634675798,0.03
361,2.3643009631117082,206.5591552737935,-3.6057776634675798,0.03
362,-0.9761918228417393,-94.6361315241807,-3.6057776634675798,0.03
363,3.4770620947929234,286.5598102155051,-3.6057776634675798,0.03
364,0.43908302908229163,41.734611368618204,-3.6057776634675798,0.03
365,-2.04535657778741,-159.86917134944463,-3.6057776634675798,0.03
366,0.8486215387543337,107.50184979556975,-3.6057776634675798,0.03
367,-1.5282243166643805,-139.29067225668632,-3.6057776634675798,0.03
368,-0.4014991700453914,-39.90667107905487,-3.6057776634675798,0.03
369,-0.958343081420648,-128.4973232981248,-3.6057776634675798,0.03
370,2.7147998843099415,234.36483868983962,-3.6057776634675798,0.03
371,1.650480093691292,171.68584462674426,-3.6057776634675798,0.03
372,0.7425789700946492,62.674831204998235,-3.6057776634675798,0.03
373,1.6584102359568609,186.6460183489986,-3.6057776634675798,0.03
374,-2.056088948176108,-155.09161985001614,-3.6057776634675798,0.03
375,0.9304934214109064,77.16347516391589,-3.6057776634675798,0.03
376,-0.935286817955451,-140.79988893366112,-3.6057776634675798,0.03
377,-0.3123947011722511,-31.70884392390034,-3.6057776634675798,0.03
378,1.2859363521237992,107.51087470683768,-3.6057776634675798,0.03
379,-0.35612948269478706,-35.62568835786382,-3.6057776634675798,0.03
380,0.022049839013982168,2.566120380890151,-3.6057776634675798,0.03
381,-0.10908668241556363,-15.931374677457148,-3.6057776634675798,0.03
382,0.2766722589263573,21.77439398259869,-3.6057776634675798,0.03
383,-1.9541874824986545,-161.42256801277674,-3.6057776634675798,0.03
384,-1.1034013151591493,-136.40921891554447,-3.6057776634675798,0.03
385,0.4397975593551314,64.53692459568451,-3.6057776634675798,0.03
386,-0.6578567306503421,-73.73479214821538,-3.6057776634675798,0.03
387,0.6841665837747337,93.64979039215943,-3.6057776634675798,0.03
388,1.8208132146666598,186.67245629432492,-3.6057776634675798,0.03
389,-2.526717394948968,-187.44974334894886,-3.6057776634675798,0.03
390,-1.063920972122447,-102.3040855119115,-3.6057776634675798,0.03
391,-2.8743272833935,-243.38596974368957,-3.6057776634675798,0.03
392,-0.15852954678839368,-19.718822886789823,-3.6057776634675798,0.03
393,-1.1022520363938777,-93.05473622354404,-3.6057776634675798,0.03
394,-0.9269508315770647,-99.37477653216635,-3.6057776634675798,0.03
395,-1.6209138113525474,-201.4083386726729,-3.6057776634675798,0.03
396,-0.9639614260349709,-148.70018873476468,-3.6057776634675798,0.03
397,-0.9711959859757592,-108.65236085593955,-3.6057776634675798,0.03
398,3.037797651747318,204.55787130014173,-3.6057776634675798,0.03
399,-1.8489741258891315,-169.58093594111904,-3.6057776634675798,0.03
400,-2.4404331153920924,-198.4917947254595,-3.6057776634675798,0.03
401,-0.17860115638965154,-15.77310098947256,-3.6057776634675798,0.03
402,0.4899669654041168,49.94141264472449,-3.6057776634675798,0.03
403,-1.7751988995824908,-201.43509120520488,-3.6057776634675798,0.03
404,-1.4157346170404466,-198.19409724871431,-3.6057776634675798,0.03
405,3.364566228766337,274.59658996187574,-3.6057776634675798,0.03
406,-0.49142876269686925,-44.686261944403164,-3.6057776634675798,0.03
407,-2.5144122993378524,-221.9793756903835,-3.6057776634675798,0.03
408,-0.3216216633751316,-32.17139997305617,-3.6057776634675798,0.03
409,1.3387378845946114,153.04176642126268,-3.6057776634675798,0.03
410,2.336917436300555,211.64664826623527,-3.6057776634675798,0.03
411,-0.4995065828802821,-64.06726359201421,-3.6057776634675798,0.03
412,-0.7719219445626228,-70.82530237401573,-3.6057776634675798,0.03
413,-1.9844648292882825,-193.76702082765797,-3.6057776634675798,0.03
414,3.612912994191447,256.91256178354666,-3.6057776634675798,0.03
415,-1.631709558558946,-157.99907933173927,-3.6057776634675798,0.03
416,-1.0343752094935827,-111.60716066610914,-3.6057776634675798,0.03
417,0.9631465096977809,114.34783193105066,-3.6057776634675798,0.03
418,1.5278775859302853,128.0330476338478,-3.6057776634675798,0.03
419,-0.49717461394283685,-52.99385857396778,-3.6057776634675798,0.03
420,-0.44450457658988063,-27.901524847007096,-3.6057776634675798,0.03
421,-1.316595204752516,-176.0656286137651,-3.6057776634675798,0.03
422,-1.3976304293769166,-120.24479658635423,-3.6057776634675798,0.03
423,0.19672162121790682,15.679548695651157,-3.6057776634675798,0.03
424,1.3534739220532996,190.53854542706463,-3.6057776634675798,0.03
425,0.9036915592316502,80.17277801842651,-3.6057776634675798,0.03
426,0.8881397296201466,89.56796516764301,-3.6057776634675798,0.03
427,0.46462542726398365,66.48239248713931,-3.6057776634675798,0.03
428,2.4983573552432716,187.48786770535767,-3.6057776634675798,0.03
429,-0.9767832434519438,-152.30600703772978,-3.6057776634675798,0.03
430,1.9200923077833927,179.4414829324714,-3.6057776634675798,0.03
431,1.4707759838114485,177.02699352428368,-3.6057776634675798,0.03
432,0.8906315421471611,140.67308775997788,-3.6057776634675798,0.03
433,-0.7275121163917754,-80.35653623520457,-3.6057776634675798,0.03
434,-1.072548286369808,-142.21258121306437,-3.6057776634675798,0.03
435,-2.457484631702939,-194.28684318320123,-3.6057776634675798,0.03
436,0.6278224895651772,71.15047415006333,-3.6057776634675798,0.03
437,1.0182129401311113,145.89821350454216,-3.6057776634675798,0.03
438,1.5219408304677613,147.16491832039117,-3.6057776634675798,0.03
439,-1.3565396093543756,-129.15087638875352,-3.6057776634675798,0.03
440,0.7394191669337192,122.12020015830424,-3.6057776634675798,0.03
441,0.6458582365379578,94.80932996934632,-3.6057776634675798,0.03
442,-1.2346607745516676,-157.22630522072978,-3.6057776634675798,0.03
443,1.8183671936537569,142.68068744368162,-3.6057776634675798,0.03
444,-0.12632818570198123,-13.49797400150566,-3.6057776634675798,0.03
445,-0.9547006443768712,-110.70865362886528,-3.6057776634675798,0.03
446,1.1708172213044021,110.53082020237447,-3.6057776634675798,0.03
447,-2.148822301845316,-192.0031269998462,-3.6057776634675798,0.03
448,1.9282609041619454,195.03494106375356,-3.6057776634675798,0.03
449,0.8251474624038043,79.67442223171089,-3.6057776634675798,0.03
450,1.7992507282102297,139.8913997100124,-3.6057776634675798,0.03
451,-0.8211749873189538,-108.46103442749369,-3.6057776634675798,0.03
452,-1.6600498728730109,-135.50395527180942,-3.6057776634675798,0.03
453,0.5110282704798031,81.96711367017411,-3.6057776634675798,0.03
454,-0.5511715713516283,-81.4817246831417,-3.6057776634675798,0.03
455,-1.5722166002962248,-129.04998759938152,-3.6057776634675798,0.03
456,-1.4100106314483272,-173.5295875332573,-3.6057776634675798,0.03
457,0.2532085579390767,19.749886853333848,-3.6057776634675798,0.03
458,-0.8477282958913459,-129.6071104147762,-3.6057776634675798,0.03
459,-0.22543782682450544,-36.14206889613415,-3.6057776634675798,0.03
460,0.8536464032539021,116.61194267157074,-3.6057776634675798,0.03
461,-2.5985753555914357,-200.2759601076419,-3.6057776634675798,0.03
462,-3.9426191160777626,-284.4004065392257,-3.6057776634675798,0.03
463,-1.9065073969976247,-152.93968970996812,-3.6057776634675798,0.03
464,0.8535062412277555,117.23484784748973,-3.6057776634675798,0.03
465,-0.11491012229608044,-11.229806969403626,-3.6057776634675798,0.03
466,-3.8001837606239577,-277.93520769533126,-3.6057776634675798,0.03
467,-1.3763133662381917,-138.60096183025698,-3.6057776634675798,0.03
468,-0.18988721879735865,-14.281764464092884,-3.6057776634675798,0.03
469,-2.03884892507666,-239.08566835791072,-3.6057776634675798,0.03
470,0.8307840080998585,77.0612605433142,-3.6057776634675798,0.03
471,-1.7807674162533909,-198.266358884465,-3.6057776634675798,0.03
472,0.09572778096604104,9.281018015226001,-3.6057776634675798,0.03
473,2.585046068037505,211.9001663858082,-3.6057776634675798,0.03
474,-2.959038553702023,-191.44221214275882,-3.6057776634675798,0.03
475,2.2634968436954894,207.72890074726544,-3.6057776634675798,0.03
476,1.1210940387797113,83.32321355314652,-3.6057776634675798,0.03
477,-1.0790937729676497,-142.25232802848214,-3.6057776634675798,0.03
478,-0.5144054620626406,-45.405422643525235,-3.6057776634675798,0.03
479,-0.8136111342872399,-94.84180604416537,-3.6057776634675798,0.03
480,-0.8516311369336919,-116.09665354992899,-3.6057776634675798,0.03
481,1.807957660966763,220.9601251098854,-3.6057776634675798,0.03
482,1.1278035882061632,95.81335622269194,-3.6057776634675798,0.03
483,1.2641619457573348,119.54643034135349,-3.6057776634675798,0.03
484,-0.23658537107122307,-27.782855721759347,-3.6057776634675798,0.03
485,-0.17818865448066387,-36.110390781430276,-3.6057776634675798,0.03
486,1.6229025653757068,187.9833625573916,-3.6057776634675798,0.03
487,0.9246389458844249,86.14214422351353,-3.6057776634675798,0.03
488,1.7684274870666146,138.10936652998873,-3.6057776634675798,0.03
489,-1.1926155921991293,-103.982113946409,-3.6057776634675798,0.03
490,0.5186310433703335,52.02372179571297,-3.6057776634675798,0.03
491,1.6643402293256102,126.53292117581137,-3.6057776634675798,0.03
492,1.9154622866998723,163.34791688344131,-3.6057776634675798,0.03
493,1.098992590441321,143.46435682068451,-3.6057776634675798,0.03
494,1.2620544225819452,155.39540154726262,-3.6057776634675798,0.03
495,-2.756276150421606,-275.1453716294672,-3.6057776634675798,0.03
496,1.0437949686634393,145.70587612370645,-3.6057776634675798,0.03
497,-2.3581997532901866,-197.43864256736188,-3.6057776634675798,0.03
498,0.03799427632454745,3.3376298768926027,-3.6057776634675798,0.03
499,-1.1129398352711675,-106.39658352181824,-3.6057776634675798,0.03
500,0.7586725657953571,68.98583559747554,-3.6057776634675798,0.03
501,3.004939732003075,199.40968639573492,-3.6057776634675798,0.03
502,0.08219759777438099,6.700396150641751,-3.6057776634675798,0.03
503,-1.2519593336178905,-119.07974523674793,-3.6057776634675798,0.03
504,-1.1640008171060257,-146.201031980807,-3.6057776634675798,0.03
505,-0.5739674730292255,-47.63236889770398,-3.6057776634675798,0.03
506,-1.8165874178167294,-163.2625123912272,-3.6057776634675798,0.03
507,-1.9420140012369784,-202.51627662663742,-3.6057776634675798,0.03
508,0.42498232767121397,38.407869773255115,-3.6057776634675798,0.03
509,2.724193228188961,212.60629919122405,-3.6057776634675798,0.03
510,1.124833688793026,116.83161988693138,-3.6057776634675798,0.03
511,-1.206484737270414,-105.37993678432161,-3.6057776634675798,0.03
512,-2.394084563387271,-166.4375667384536,-3.6057776634675798,0.03
513,-1.4510460965979273,-104.79432231437406,-3.6057776634675798,0.03
514,-0.7331356955057328,-69.06195697449394,-3.6057776634675798,0.03
515,-1.5682411242750625,-151.62135945187504,-3.6057776634675798,0.03
516,-1.7693640800326031,-202.14022801383774,-3.6057776634675798,0.03
517,-1.7321268648468442,-123.13271345158759,-3.6057776634675798,0.03
518,-3.0372117139980825,-245.68886724399957,-3.6057776634675798,0.03
519,3.4884384503051886,251.04582103853912,-3.6057776634675798,0.03
520,-2.6608375594836273,-230.33060839084314,-3.6057776634675798,0.03
521,-0.03917369074190815,-3.3562064525139625,-3.6057776634675798,0.03
522,0.050357073809481324,3.183704989341969,-3.6057776634675798,0.03
523,0.20088613374348183,28.73520224243101,-3.6057776634675798,0.03
524,3.520296446366187,291.3815513720023,-3.6057776634675798,0.03
525,-1.389830750043727,-170.47380840767653,-3.6057776634675798,0.03
526,-0.32525240328858607,-38.59437201149131,-3.6057776634675798,0.03
527,-0.7230473985535758,-60.01314371736166,-3.6057776634675798,0.03
528,1.6791026814508019,142.38893246119338,-3.6057776634675798,0.03
529,0.9397617603847785,116.07889071865148,-3.6057776634675798,0.03
530,0.83092458409006,73.00901546502925,-3.6057776634675798,0.03
531,0.938701861938051,127.00224510040502,-3.6057776634675798,0.03
532,-1.054491708465044,-91.33609420922957,-3.6057776634675798,0.03
533,1.8154193349438765,177.82814947851332,-3.6057776634675798,0.03
534,-1.8682141698605457,-235.34762048146882,-3.6057776634675798,0.03
535,0.40109832618308333,33.49533890194219,-3.6057776634675798,0.03
536,-3.1504049343596767,-244.431891474563,-3.6057776634675798,0.03
537,0.27294883317534807,24.333578558913686,-3.6057776634675798,0.03
538,2.9781823876780034,226.37905531872582,-3.6057776634675798,0.03
539,0.7690360818494997,82.3371079906268,-3.6057776634675798,0.03
540,0.750616402160659,78.15967816085514,-3.6057776634675798,0.03
541,-2.061935818787281,-193.53446186149756,-3.6057776634675798,0.03
542,0.9201501504747035,85.74888741854949,-3.6057776634675798,0.03
543,0.30110754694551833,28.75882684087058,-3.6057776634675798,0.03
544,-0.8026910031846293,-74.51248188756887,-3.6057776634675798,0.03
545,2.091040073102086,175.8857574861375,-3.6057776634675798,0.03
546,-1.4434397199008848,-128.13391869281887,-3.6057776634675798,0.03
547,-1.1040365670806505,-98.72988439516692,-3.6057776634675798,0.03
548,-0.5653680280062053,-37.529751327106226,-3.6057776634675798,0.03
549,1.9874540308596031,147.9229785838261,-3.6057776634675798,0.03
550,-1.1167863521909176,-143.9591125691123,-3.6057776634675798,0.03
551,1.8754618777226275,205.84888016328335,-3.6057776634675798,0.03
552,-0.4908997027208789,-80.62259504445728,-3.6057776634675798,0.03
553,-2.2538770162014528,-181.47904069664426,-3.6057776634675798,0.03
554,1.1916243508551803,161.71134523676628,-3.6057776634675798,0.03
555,-0.5797125578648161,-99.78257506483413,-3.6057776634675798,0.03
556,0.8864049090686476,120.17331280680023,-3.6057776634675798,0.03
557,0.3370548457235548,29.37388104072228,-3.6057776634675798,0.03
558,1.9139022406520403,193.25167576179632,-3.6057776634675798,0.03
559,0.5933555112141995,53.50051850236452,-3.6057776634675798,0.03
560,1.0965354380388443,80.3133590155916,-3.6057776634675798,0.03
561,1.5672905363559413,204.79616160889685,-3.6057776634675798,0.03
562,1.8277184782671496,150.12346090160497,-3.6057776634675798,0.03
563,-2.7036583491660897,-252.17589817995153,-3.6057776634675798,0.03
564,0.02087146360247832,2.217006586804821,-3.6057776634675798,0.03
565,-1.2579899566172483,-162.13575291405425,-3.6057776634675798,0.03
566,0.9835042612494929,96.50889712771338,-3.6057776634675798,0.03
567,2.4104222011463214,209.04186500075815,-3.6057776634675798,0.03
568,-0.7403450861451375,-70.06805792591888,-3.6057776634675798,0.03
569,-1.1743903286696415,-87.48421473104504,-3.6057776634675798,0.03
570,3.2688859625996534,252.59614803789788,-3.6057776634675798,0.03
571,-1.8337612937319316,-147.55052539624364,-3.6057776634675798,0.03
572,-0.13730514303384678,-23.60016066076347,-3.6057776634675798,0.03
573,-1.966492815263383,-137.20572767503688,-3.6057776634675798,0.03
574,1.0849924903156294,100.52002800384739,-3.6057776634675798,0.03
575,1.0477063677579765,113.44493675069525,-3.6057776634675798,0.03
576,1.347074958942875,174.03437063750508,-3.6057776634675798,0.03
577,2.383300099387624,207.39679633275566,-3.6057776634675798,0.03
578,-0.006737664553900007,-0.829337756291885,-3.6057776634675798,0.03
579,-2.4024707744160683,-202.9644545678346,-3.6057776634675798,0.03
580,2.2098574056896516,222.56147526787578,-3.6057776634675798,0.03
581,-0.8491527595476837,-126.07784389774419,-3.6057776634675798,0.03
582,2.258507405331191,181.43506639624317,-3.6057776634675798,0.03
583,-1.1911297151223026,-175.12787321307076,-3.6057776634675798,0.03
584,-0.11639778625386603,-13.52662372791303,-3.6057776634675798,0.03
585,-0.7053367906450358,-68.46323466621621,-3.6057776634675798,0.03
586,-1.4500301947196979,-183.7145089501036,-3.6057776634675798,0.03
587,2.0748454017840716,177.84023052389858,-3.6057776634675798,0.03
588,2.5424964741722094,213.33889795070877,-3.6057776634675798,0.03
589,6.3340761129075,312.33038825317766,-3.6057776634675798,0.03
590,-0.7056409430709593,-100.22401838927085,-3.6057776634675798,0.03
591,1.7910639892305429,159.82622513481527,-3.6057776634675798,0.03
592,2.1505700618480854,243.8290968879422,-3.6057776634675798,0.03
593,-1.4333397477971639,-200.10554850055277,-3.6057776634675798,0.03
594,0.0617943041683527,5.017830816812726,-3.6057776634675798,0.03
595,-1.8543117805524896,-190.27481329069678,-3.6057776634675798,0.03
596,1.663173101468327,161.2496218495221,-3.6057776634675798,0.03
597,-1.5901504317697832,-136.20601491935582,-3.6057776634675798,0.03
598,0.4881453024274954,41.705371002121595,-3.6057776634675798,0.03
599,-0.7405526596826095,-68.2646850531938,-3.6057776634675798,0.03
600,-1.112127599918164,-105.08767851968909,-3.6057776634675798,0.03
601,0.49286758814177967,45.63653769119891,-3.6057776634675798,0.03
602,0.3635660961988392,60.913308369172405,-3.6057776634675798,0.03
603,-1.2799542573160674,-138.69737900699425,-3.6057776634675798,0.03
604,1.0975345911426273,78.65548066964568,-3.6057776634675798,0.03
605,2.1923181335462405,215.2660369044423,-3.6057776634675798,0.03
606,2.1943881350355023,196.75622189257408,-3.6057776634675798,0.03
607,0.2509388876211313,27.96867164238882,-3.6057776634675798,0.03
608,-2.430096509232127,-168.4128211487428,-3.6057776634675798,0.03
609,1.1867648608301897,126.20414227868352,-3.6057776634675798,0.03
610,2.314492920089186,164.25359853862258,-3.6057776634675798,0.03
611,-0.3364885716430859,-31.67153589808249,-3.6057776634675798,0.03
612,1.9728347193777296,196.62806148202472,-3.6057776634675798,0.03
613,-0.4087986657571985,-40.562794592784655,-3.6057776634675798,0.03
614,-1.3879129794728657,-147.2590290582048,-3.6057776634675798,0.03
615,1.041960772961467,150.96837840460668,-3.6057776634675798,0.03
616,-1.0177692548143091,-163.51998230513945,-3.6057776634675798,0.03
617,0.2824195440791847,27.1993228406545,-3.6057776634675798,0.03
618,0.32136280505330417,35.68715284349451,-3.6057776634675798,0.03
619,3.9886367082606213,255.53374255298007,-3.6057776634675798,0.03
620,0.4267004350927384,26.419316895059627,-3.6057776634675798,0.03
621,3.424677649386383,240.51548815997657,-3.6057776634675798,0.03
622,1.2651344638957813,149.0862876816831,-3.6057776634675798,0.03
623,1.6702034286441785,156.80026584164358,-3.6057776634675798,0.03
624,-0.6075436182701577,-48.17072334353836,-3.6057776634675798,0.03
625,1.5186851966285093,145.79645557862986,-3.6057776634675798,0.03
626,-2.4504245692007647,-164.7859264946862,-3.6057776634675798,0.03
627,-0.33212627862136723,-26.557645681587775,-3.6057776634675798,0.03
628,-0.487742973168861,-78.5551867794292,-3.6057776634675798,0.03
629,-0.47692255094581215,-43.35770892230983,-3.6057776634675798,0.03
630,-0.5006089738902373,-48.80427156648919,-3.6057776634675798,0.03
631,-1.0914609400061344,-160.2026256855036,-3.6057776634675798,0.03
632,0.5467606267042399,36.90894311760255,-3.6057776634675798,0.03
633,0.4333635486588019,58.84900556929629,-3.6057776634675798,0.03
634,-2.1079447202862367,-224.1056467916853,-3.6057776634675798,0.03
635,1.1314925134152185,106.76639762877406,-3.6057776634675798,0.03
636,2.3724284571360843,171.0902278035369,-3.6057776634675798,0.03
637,2.414257683742156,232.1152332525443,-3.6057776634675798,0.03
638,-0.7660750889148222,-74.38383190181797,-3.6057776634675798,0.03
639,0.583581640831275,89.7886647713146,-3.6057776634675798,0.03
640,2.997101793348054,297.42254945265887,-3.6057776634675798,0.03
641,-1.2560230447732124,-139.8715907597102,-3.6057776634675798,0.03
642,0.7185169624341474,98.63348358901024,-3.6057776634675798,0.03
643,-1.7527641863637757,-146.51907135008358,-3.6057776634675798,0.03
644,0.7789172507715797,70.09642412743622,-3.6057776634675798,0.03
645,-2.190401125560963,-155.45548700409958,-3.6057776634675798,0.03
646,1.3860984087354473,186.69470737224728,-3.6057776634675798,0.03
647,-0.9096298985008889,-86.65347902007771,-3.6057776634675798,0.03
648,-0.6143133473923575,-51.4293987049658,-3.6057776634675798,0.03
649,0.9660561708373642,102.46981248713794,-3.6057776634675798,0.03
650,-3.8587671127203285,-214.71391769971078,-3.6057776634675798,0.03
651,1.685310457883586,155.82208213214946,-3.6057776634675798,0.03
652,1.0785619085107032,128.63629645407218,-3.6057776634675798,0.03
653,1.632117248189585,144.221116961022,-3.6057776634675798,0.03
654,-0.8157197383531608,-75.89336276999737,-3.6057776634675798,0.03
655,-2.578061498486674,-215.66606696659676,-3.6057776634675798,0.03
656,1.21865355369029,96.6523435371325,-3.6057776634675798,0.03
657,-0.7235877905916434,-61.33848187878469,-3.6057776634675798,0.03
658,0.1701154256100157,30.26970357444977,-3.6057776634675798,0.03
659,0.6148438406651429,67.88597560962151,-3.6057776634675798,0.03
660,4.357164106061865,292.8968481095092,-3.6057776634675798,0.03
661,0.7622534238206352,126.66082692259755,-3.6057776634675798,0.03
662,-2.0825643280352626,-200.98125063770934,-3.6057776634675798,0.03
663,1.8197024106776845,203.08979606538438,-3.6057776634675798,0.03
664,-2.402595480540402,-223.63656817710608,-3.6057776634675798,0.03
665,2.2937508221566683,184.14499787667685,-3.6057776634675798,0.03
666,2.6690042306750152,232.8683013038941,-3.6057776634675798,0.03
667,-3.3137021014122046,-260.3483368523718,-3.6057776634675798,0.03
668,1.378954614871595,117.70059831489604,-3.6057776634675798,0.03
669,-0.7922140626513956,-120.31936783360237,-3.6057776634675798,0.03
670,-0.6434579607256167,-53.09186928957543,-3.6057776634675798,0.03
671,-0.46323942889449027,-48.831348340007224,-3.6057776634675798,0.03
672,0.7742120907548198,56.91147011750373,-3.6057776634675798,0.03
673,0.7291524724605889,100.84890593340077,-3.6057776634675798,0.03
674,1.609361041146317,140.09015619567026,-3.6057776634675798,0.03
675,-1.994177375231635,-182.54769658197185,-3.6057776634675798,0.03
676,-1.210044480814514,-133.0103214155237,-3.6057776634675798,0.03
677,-1.3084496317897143,-102.63974771400224,-3.6057776634675798,0.03
678,0.5547728720528051,86.38604486172284,-3.6057776634675798,0.03
679,-2.5146596389485586e-05,-0.0018493344601645794,-3.6057776634675798,0.03
680,-2.108785877674665,-224.22045010159832,-3.6057776634675798,0.03
681,-0.8113778378207206,-122.2823999014551,-3.6057776634675798,0.03
682,-1.112961872042544,-148.2132956619259,-3.6057776634675798,0.03
683,-0.49808675629391086,-82.10844452943327,-3.6057776634675798,0.03
684,0.7396209309523337,112.48239048735982,-3.6057776634675798,0.03
685,1.143198956608576,103.66275947913216,-3.6057776634675798,0.03
686,-3.668314278702244,-252.36135160194908,-3.6057776634675798,0.03
687,-1.2995185678619898,-124.1514370703972,-3.6057776634675798,0.03
688,0.7870778768040655,108.15386520117934,-3.6057776634675798,0.03
689,-2.5399906355285253,-241.96142530666577,-3.6057776634675798,0.03
690,-1.8804389725221486,-161.05777979484515,-3.6057776634675798,0.03
691,1.0540422714576596,137.90080640557193,-3.6057776634675798,0.03
692,-0.7352080863810049,-68.52630959486046,-3.6057776634675798,0.03
693,1.819448911277971,211.67347350579686,-3.6057776634675798,0.03
694,0.4572738511748529,32.93376784604927,-3.6057776634675798,0.03
695,-2.45662473205179,-217.91824976756916,-3.6057776634675798,0.03
696,-4.679450459715999,-274.92376755312705,-3.6057776634675798,0.03
697,0.8950459691381375,88.64737775356872,-3.6057776634675798,0.03
698,-2.0220579674249333,-157.35733013531078,-3.6057776634675798,0.03
699,-1.8377829159902437,-163.2477774851343,-3.6057776634675798,0.03
700,1.2101144442516436,102.88101581207987,-3.6057776634675798,0.03
701,-3.3800939413798234,-255.52145190548794,-3.6057776634675798,0.03
702,2.5226899101645177,280.42226897951974,-3.6057776634675798,0.03
703,-2.786615948491485,-230.53047152906424,-3.6057776634675798,0.03
704,0.3390766096958521,31.529791928999337,-3.6057776634675798,0.03
705,-0.1462890316065197,-12.345903483192476,-3.6057776634675798,0.03
706,-3.8467454270201022,-286.6157988595776,-3.6057776634675798,0.03
707,1.6114043566104217,148.61407750391498,-3.6057776634675798,0.03
708,0.9733371041220352,101.70874542430163,-3.6057776634675798,0.03
709,2.8495590180645336,281.80873975871344,-3.6057776634675798,0.03
710,-0.9123581101656344,-138.44552899710078,-3.6057776634675798,0.03
711,-0.6961646630931784,-38.53962034691759,-3.6057776634675798,0.03
712,-4.024658542456265,-265.13307616053635,-3.6057776634675798,0.03
713,-2.196998408245955,-138.89112652220155,-3.6057776634675798,0.03
714,1.7139455697381525,195.15995137327863,-3.6057776634675798,0.03
715,-0.9060006211781749,-105.4811192620642,-3.6057776634675798,0.03
716,0.6452127034270665,102.8998950558828,-3.6057776634675798,0.03
717,1.715457694132402,144.66438059673868,-3.6057776634675798,0.03
718,0.28323009030736923,18.333867253303506,-3.6057776634675798,0.03
719,1.1945219626587826,152.13669414074815,-3.6057776634675798,0.03
720,-2.637353285508843,-275.8937095156984,-3.6057776634675798,0.03
721,-0.9596753079883783,-81.49624189898259,-3.6057776634675798,0.03
722,-0.6069913854966231,-58.368119401299744,-3.6057776634675798,0.03
723,1.9827880275117025,176.01961482167653,-3.6057776634675798,0.03
724,-3.8359373745265213,-274.23798766918645,-3.6057776634675798,0.03
725,-1.4023056260885054,-116.8511147517763,-3.6057776634675798,0.03
726,0.3505227195872584,35.40681910110336,-3.6057776634675798,0.03
727,2.106161597078175,190.7884219250929,-3.6057776634675798,0.03
728,0.4609550072042563,64.81237162458193,-3.6057776634675798,0.03
729,-1.9317244153318458,-152.8713206101095,-3.6057776634675798,0.03
730,-1.2394616140075378,-150.8257940603949,-3.6057776634675798,0.03
731,0.9598990720577247,89.57566443760825,-3.6057776634675798,0.03
732,-0.9751042745561668,-94.84171641191327,-3.6057776634675798,0.03
733,1.0625769037527828,155.4575751865739,-3.6057776634675798,0.03
734,2.0779106970580794,200.3141632724481,-3.6057776634675798,0.03
735,-0.9671777960313235,-95.66840474043744,-3.6057776634675798,0.03
736,-1.2485552536676892,-103.08764611261664,-3.6057776634675798,0.03
737,0.9548449495503206,102.50571763904051,-3.6057776634675798,0.03
738,-1.4021508877288051,-168.92769295437765,-3.6057776634675798,0.03
739,1.0777732466566443,101.62566828204287,-3.6057776634675798,0.03
740,-0.7099322561703882,-63.10195860445052,-3.6057776634675798,0.03
741,0.0952394869559407,9.55638322786314,-3.6057776634675798,0.03
742,1.0707797090473494,73.38084933132903,-3.6057776634675798,0.03
743,-0.9805721010786905,-132.85897875081903,-3.6057776634675798,0.03
744,0.33240365120683485,32.85089882986594,-3.6057776634675798,0.03
745,3.368884321578348,242.44515329605935,-3.6057776634675798,0.03
746,1.5236127087308038,154.69489874694216,-3.6057776634675798,0.03
747,0.27485635880074305,28.730455661635684,-3.6057776634675798,0.03
748,-1.1450621176730746,-94.86951955822695,-3.6057776634675798,0.03
749,0.17802179643926097,25.769093272079928,-3.6057776634675798,0.03
750,1.1508800883095704,87.89172417702265,-3.6057776634675798,0.03
751,-1.7713223342869773,-114.76429790862403,-3.6057776634675798,0.03
752,-0.6443908261773174,-61.90225911504174,-3.6057776634675798,0.03
753,0.08112977591988242,14.40788306893122,-3.6057776634675798,0.03
754,0.9194900054746131,130.918767257626,-3.6057776634675798,0.03
755,1.1680829058341393,142.8530637203254,-3.6057776634675798,0.03
756,1.5438678732783593,165.67541382846733,-3.6057776634675798,0.03
757,-0.854101851717249,-96.61577568040761,-3.6057776634675798,0.03
758,-1.0751680772012688,-77.58406083210929,-3.6057776634675798,0.03
759,-0.4266553305648317,-62.75635367406556,-3.6057776634675798,0.03
760,0.2979214465887927,49.738924038629285,-3.6057776634675798,0.03
761,-1.5761878298811125,-128.86274330391095,-3.6057776634675798,0.03
762,-0.58773573718021,-39.45672794804688,-3.6057776634675798,0.03
763,3.525110240221565,260.1726202827186,-3.6057776634675798,0.03
764,2.2120820998887996,164.26523652288066,-3.6057776634675798,0.03
765,0.6485829335699168,112.34210476444193,-3.6057776634675798,0.03
766,2.647077595282528,224.67217752015517,-3.6057776634675798,0.03
767,3.0530989394858596,211.6602383143033,-3.6057776634675798,0.03
768,-0.7238362455607645,-73.74631786118988,-3.6057776634675798,0.03
769,-1.001464347479686,-94.71387402684806,-3.6057776634675798,0.03
770,1.1342075088470311,104.81536357143924,-3.6057776634675798,0.03
771,-0.007018911135281731,-0.707265956899164,-3.6057776634675798,0.03
772,-0.9823492157484093,-95.82156717415153,-3.6057776634675798,0.03
773,-0.24103711039726206,-42.4332136558121,-3.6057776634675798,0.03
774,-0.9091861688015549,-136.6556788061095,-3.6057776634675798,0.03
775,1.126491794075673,171.84119166270702,-3.6057776634675798,0.03
776,0.5358436089047475,94.55333885344476,-3.6057776634675798,0.03
777,1.2963838826697984,107.32006730844603,-3.6057776634675798,0.03
778,0.11018206577575086,9.000762729894998,-3.6057776634675798,0.03
779,-1.480911439189519,-149.3760490580638,-3.6057776634675798,0.03
780,-3.1057806176740113,-209.9654003603626,-3.6057776634675798,0.03
781,-1.9545727254801448,-193.19934732535404,-3.6057776634675798,0.03
782,0.8287262512362562,83.03925636172288,-3.6057776634675798,0.03
783,-0.8634384629510383,-112.2368750433192,-3.6057776634675798,0.03
784,0.33573227258081245,21.740049827302098,-3.6057776634675798,0.03
785,1.5095777852671708,141.58208654793287,-3.6057776634675798,0.03
786,-2.486293549108919,-192.05971523975654,-3.6057776634675798,0.03
787,1.7768590685106318,146.37081119427998,-3.6057776634675798,0.03
788,0.8474904153079279,113.28217450438142,-3.6057776634675798,0.03
789,3.9820185020710666,285.83438891960014,-3.6057776634675798,0.03
790,-1.7735330580465478,-139.56332840613652,-3.6057776634675798,0.03
791,1.246193263551051,194.6978785923826,-3.6057776634675798,0.03
792,-0.38374058024666186,-31.302938375859664,-3.6057776634675798,0.03
793,1.353292665415892,173.93787077514293,-3.6057776634675798,0.03
794,-0.7667674276816294,-58.93362345766658,-3.6057776634675798,0.03
795,-0.21142743401295835,-20.2523450926763,-3.6057776634675798,0.03
796,-0.1832538659666222,-19.403144956849502,-3.6057776634675798,0.03
797,-3.3633654510003965,-204.64978458160013,-3.6057776634675798,0.03
798,0.6856091163802236,126.41607323573209,-3.6057776634675798,0.03
799,-1.993635292388511,-235.8890270103936,-3.6057776634675798,0.03
800,2.9829074109158396,210.87905751664474,-3.6057776634675798,0.03
801,-3.110869354487461,-225.1068149216098,-3.6057776634675798,0.03
802,0.9236700434862549,71.00926605313116,-3.6057776634675798,0.03
803,0.8410905991682297,68.48240804739537,-3.6057776634675798,0.03
804,-1.3232907260512674,-118.77107684372592,-3.6057776634675798,0.03
805,1.1557044904705898,97.09934493652905,-3.6057776634675798,0.03
806,1.895160338557659,239.16119336004218,-3.6057776634675798,0.03
807,2.7018791465535092,273.18528304761645,-3.6057776634675798,0.03
808,1.6454000176728694,140.08046418504415,-3.6057776634675798,0.03
809,-0.5112150305408202,-50.48129634621308,-3.6057776634675798,0.03
810,-1.5766952468624915,-135.9581188004077,-3.6057776634675798,0.03
811,2.9517956298917216,232.75586400708127,-3.6057776634675798,0.03
812,-0.7465959852673639,-72.43153118940762,-3.6057776634675798,0.03
813,0.04963833626356766,5.981863564433219,-3.6057776634675798,0.03
814,1.6562738283739618,159.0274048368564,-3.6057776634675798,0.03
815,0.144242156601338,14.450798154426526,-3.6057776634675798,0.03
816,1.2934768603816862,124.08092106541326,-3.6057776634675798,0.03
817,-0.9895672638076648,-147.66666034588073,-3.6057776634675798,0.03
818,2.129096389347713,222.30801742165002,-3.6057776634675798,0.03
819,-0.6406659550341707,-112.48179199861275,-3.6057776634675798,0.03
820,-0.6083385806850764,-85.16719870604544,-3.6057776634675798,0.03
821,-4.238267242424179,-266.79493193679735,-3.6057776634675798,0.03
822,-2.705535649022939,-181.4487504285948,-3.6057776634675798,0.03
823,-5.465040852567095,-296.2516317857092,-3.6057776634675798,0.03
824,-1.5689975192829795,-160.34830683605335,-3.6057776634675798,0.03
825,1.759613516492219,196.67125040919942,-3.6057776634675798,0.03
826,0.4405925313250841,38.750156575951756,-3.6057776634675798,0.03
827,3.1473864901312387,260.011867782353,-3.6057776634675798,0.03
828,1.5813977806282868,218.76918154698964,-3.6057776634675798,0.03
829,0.5056261104804693,80.26286798387883,-3.6057776634675798,0.03
830,-1.1496466185358736,-89.56882077127773,-3.6057776634675798,0.03
831,-2.486303139619128,-230.1376014969832,-3.6057776634675798,0.03
832,2.3193192071793063,181.44910382403071,-3.6057776634675798,0.03
833,3.3557887563998565,225.90429327011014,-3.6057776634675798,0.03
834,-1.3255947715311234,-162.80706127731008,-3.6057776634675798,0.03
835,-1.4207582243841959,-187.9710876496122,-3.6057776634675798,0.03
836,1.6216917768771173,130.38949010735644,-3.6057776634675798,0.03
837,-0.7538927947132449,-70.444060915049,-3.6057776634675798,0.03
838,-2.1775861326482246,-159.03576600932237,-3.6057776634675798,0.03
839,0.508300631481249,89.44302704598726,-3.6057776634675798,0.03
840,0.8401126143508904,73.55685976613087,-3.6057776634675798,0.03
841,1.6130901445374572,180.66212339108603,-3.6057776634675798,0.03
842,-1.0617834651586107,-90.1376161818119,-3.6057776634675798,0.03
843,-0.32626051046345883,-32.20615258237406,-3.6057776634675798,0.03
844,2.9405125034615325,217.4035413030367,-3.6057776634675798,0.03
845,0.5993570951329505,59.39918707891455,-3.6057776634675798,0.03
846,-1.4705637090943404,-153.14032530063932,-3.6057776634675798,0.03
847,-0.42562240368992205,-43.37759310364813,-3.6057776634675798,0.03
848,-0.14738204746559277,-21.2074845938901,-3.6057776634675798,0.03
849,2.4983750657944093,171.09145900159626,-3.6057776634675798,0.03
850,3.921203889471788,279.3368769547232,-3.6057776634675798,0.03
851,1.3642199783799451,134.47317664477714,-3.6057776634675798,0.03
852,2.2160931767552103,222.87672587359998,-3.6057776634675798,0.03
853,0.5347897315593219,51.32844753730516,-3.6057776634675798,0.03
854,-0.39365672556783204,-58.95322727846104,-3.6057776634675798,0.03
855,3.062453265504046,249.71669324509662,-3.6057776634675798,0.03
856,-3.417677586782297,-266.93215847499033,-3.6057776634675798,0.03
857,-0.8456119266547298,-105.5849326638382,-3.6057776634675798,0.03
858,-0.9131857503092611,-76.90898274046663,-3.6057776634675798,0.03
859,-1.017816015114613,-86.54667069260165,-3.6057776634675798,0.03
860,0.3819612731958861,34.08636863474666,-3.6057776634675798,0.03
861,-1.8035519377438636,-235.7787960245531,-3.6057776634675798,0.03
862,-1.2632706832211171,-156.4179410621423,-3.6057776634675798,0.03
863,-1.9939232696798121,-177.70323786293872,-3.6057776634675798,0.03
864,0.8352897826754401,141.52174758966055,-3.6057776634675798,0.03
865,1.522104773769774,115.50282020447546,-3.6057776634675798,0.03
866,-1.500551205221404,-134.04667217803544,-3.6057776634675798,0.03
867,2.22071769772478,160.7321334930356,-3.6057776634675798,0.03
868,-1.15867400696457,-116.17784715281483,-3.6057776634675798,0.03
869,-0.5908900599514568,-46.6499713957027,-3.6057776634675798,0.03
870,3.1143850099012926,245.4905384868521,-3.6057776634675798,0.03
871,1.4597356774027053,169.79948977345103,-3.6057776634675798,0.03
872,0.484762524406995,78.11465252381124,-3.6057776634675798,0.03
873,0.9964679923838202,148.1181586616831,-3.6057776634675798,0.03
874,0.22823385621468026,26.17202072617012,-3.6057776634675798,0.03
875,-0.73037949977142,-70.83246029987063,-3.6057776634675798,0.03
876,-2.162674017096123,-160.87714745638718,-3.6057776634675798,0.03
877,-1.2870041329487953,-170.10538336737994,-3.6057776634675798,0.03
878,-1.280799736372123,-149.2285064337845,-3.6057776634675798,0.03
879,-0.31224218117387786,-29.09353236188688,-3.6057776634675798,0.03
880,2.3643580783815037,181.063193651993,-3.6057776634675798,0.03
881,-0.5737531273798502,-32.18276931137401,-3.6057776634675798,0.03
882,1.1613905070484998,108.4317868367242,-3.6057776634675798,0.03
883,0.781032685928189,97.18705001287815,-3.6057776634675798,0.03
884,-1.635051115728432,-164.1617233890433,-3.6057776634675798,0.03
885,0.4759392259081729,90.35878559930231,-3.6057776634675798,0.03
886,-0.3003611649411628,-33.222811624431046,-3.6057776634675798,0.03
887,0.45429626981915394,80.84803197350978,-3.6057776634675798,0.03
888,1.7317152601639607,207.82203281632837,-3.6057776634675798,0.03
889,1.1821039020404225,155.70387086455824,-3.6057776634675798,0.03
890,-3.9637677375871614,-251.70655638645255,-3.6057776634675798,0.03
891,-1.3486790727676945,-164.49826882218954,-3.6057776634675798,0.03
892,4.69954857868093,322.4886687860406,-3.6057776634675798,0.03
893,-1.0509690484455552,-159.43591860442257,-3.6057776634675798,0.03
894,-1.6107793521681741,-170.97635594104278,-3.6057776634675798,0.03
895,-1.0074208212635156,-100.46787015681018,-3.6057776634675798,0.03
896,-1.509374254716778,-146.66722258152012,-3.6057776634675798,0.03
897,0.8585925126690621,74.98559369039504,-3.6057776634675798,0.03
898,-1.8505432289146542,-163.45363723953767,-3.6057776634675798,0.03
899,2.3833690413846336,231.17090755659692,-3.6057776634675798,0.03
900,-0.732652083817303,-59.42051979959032,-3.6057776634675798,0.03
901,-1.0995836368550198,-149.32277375311963,-3.6057776634675798,0.03
902,0.7703286245602677,98.13902734480291,-3.6057776634675798,0.03
903,0.3879010625039134,73.18120754834916,-3.6057776634675798,0.03
904,2.259386858580152,217.82587296132414,-3.6057776634675798,0.03
905,-0.27337610502714416,-25.263413042378808,-3.6057776634675798,0.03
906,-0.4296275779663644,-31.1380165048734,-3.6057776634675798,0.03
907,1.1068753111685217,94.11932576135706,-3.6057776634675798,0.03
908,0.9020198734459105,140.74174845257002,-3.6057776634675798,0.03
909,1.006231385464964,104.27602981838179,-3.6057776634675798,0.03
910,-0.95968889719218,-98.07443959790288,-3.6057776634675798,0.03
911,-2.5756716214353443,-246.8813838005328,-3.6057776634675798,0.03
912,0.2849015739581049,26.242074868055013,-3.6057776634675798,0.03
913,0.9282288195132417,59.63857598161515,-3.6057776634675798,0.03
914,-2.5201404471355553,-174.3669759740137,-3.6057776634675798,0.03
915,-1.269756812056084,-130.378186322342,-3.6057776634675798,0.03
916,3.1914161826165595,244.9691585780393,-3.6057776634675798,0.03
917,-1.4853874532640379,-112.19868263278019,-3.6057776634675798,0.03
918,1.1732399918096095,82.50235370308394,-3.6057776634675798,0.03
919,-1.6780216793495537,-134.89456155753638,-3.6057776634675798,0.03
920,2.504294232480624,220.94308380266133,-3.6057776634675798,0.03
921,-0.3113108138049551,-52.12521361266615,-3.6057776634675798,0.03
922,1.7310835800651079,175.1173852340427,-3.6057776634675798,0.03
923,-0.5266418178860736,-50.677218168585384,-3.6057776634675798,0.03
924,1.4065019452853202,168.93712394558958,-3.6057776634675798,0.03
925,-1.6656296176158518,-163.3121797270121,-3.6057776634675798,0.03
926,-2.43229323252311,-167.85099051863148,-3.6057776634675798,0.03
927,0.26655280464757153,27.314521135640845,-3.6057776634675798,0.03
928,1.717586553742125,135.6257298517441,-3.6057776634675798,0.03
929,-3.0518650796717512,-201.27652419942544,-3.6057776634675798,0.03
930,0.6173157208696853,54.26910368083709,-3.6057776634675798,0.03
931,1.872601500351563,122.61154830186878,-3.6057776634675798,0.03
932,-0.477545361979664,-44.16287345138692,-3.6057776634675798,0.03
933,-0.20989667909779688,-20.44294062040336,-3.6057776634675798,0.03
934,4.714705333588616,295.02098193540684,-3.6057776634675798,0.03
935,1.0175303502617934,110.36801606646408,-3.6057776634675798,0.03
936,0.4930034947139018,88.92340365918821,-3.6057776634675798,0.03
937,1.886351331142036,194.83922853267612,-3.6057776634675798,0.03
938,1.6063464592251604,153.69095487735444,-3.6057776634675798,0.03
939,1.706593182030561,209.01309682370746,-3.6057776634675798,0.03
940,0.17098202902403364,15.034411526111384,-3.6057776634675798,0.03
941,1.0851357096270582,100.9165643305906,-3.6057776634675798,0.03
942,0.6232900542828884,62.05700010678509,-3.6057776634675798,0.03
943,0.19121136493474827,17.956291500730597,-3.6057776634675798,0.03
944,0.40760852298150146,72.99201717643425,-3.6057776634675798,0.03
945,-2.3081272130198274,-179.96842040724923,-3.6057776634675798,0.03
946,0.1664000862684648,16.227407886719114,-3.6057776634675798,0.03
947,-0.0339445930217391,-4.546407393920013,-3.6057776634675798,0.03
948,1.7341630044433667,186.73038939957618,-3.6057776634675798,0.03
949,-2.1242601005466013,-175.22667115143625,-3.6057776634675798,0.03
950,2.805045382181605,262.1608119739672,-3.6057776634675798,0.03
951,-0.1845688019297248,-22.939688201745632,-3.6057776634675798,0.03
952,0.7329446235998913,113.81155540815548,-3.6057776634675798,0.03
953,1.6636888881423988,183.7595041313683,-3.6057776634675798,0.03
954,1.9393264486581538,193.3786404362801,-3.6057776634675798,0.03
955,-0.7159223410326506,-62.57949726500639,-3.6057776634675798,0.03
956,0.47287754169434243,47.73350016898832,-3.6057776634675798,0.03
957,-0.5165321088984847,-45.95241379065127,-3.6057776634675798,0.03
958,1.2917299379894942,144.1905271426731,-3.6057776634675798,0.03
959,-1.704716719864382,-176.48020829973075,-3.6057776634675798,0.03
960,1.1475786723351664,101.71884807715729,-3.6057776634675798,0.03
961,2.8154689739656296,204.91972513030177,-3.6057776634675798,0.03
962,-0.3714911040822829,-53.88492591169945,-3.6057776634675798,0.03
963,-1.4508322383471182,-119.87151798536846,-3.6057776634675798,0.03
964,0.7497156416805033,78.46794251491305,-3.6057776634675798,0.03
965,0.30633603113654495,48.13569595475449,-3.6057776634675798,0.03
966,1.9744032836130185,174.25855357461197,-3.6057776634675798,0.03
967,-1.340184598902121,-122.42620583360664,-3.6057776634675798,0.03
968,0.7352809554835139,60.758895847917266,-3.6057776634675798,0.03
969,0.21307351150240678,22.017623511222283,-3.6057776634675798,0.03
970,1.036428009191625,91.36459155751422,-3.6057776634675798,0.03
971,2.642020090856657,213.6941985180636,-3.6057776634675798,0.03
972,0.6336712008444835,59.27514041301078,-3.6057776634675798,0.03
973,1.6822876487975018,145.3145957094731,-3.6057776634675798,0.03
974,0.9504456613125137,89.91043494439552,-3.6057776634675798,0.03
975,-0.465281105337351,-41.989717234846474,-3.6057776634675798,0.03
976,3.2848915560548706,220.2986003150175,-3.6057776634675798,0.03
977,2.51100092637965,184.69577009085825,-3.6057776634675798,0.03
978,2.3550609866421577,193.0033871122154,-3.6057776634675798,0.03
979,-0.14168053280967088,-21.688584160631592,-3.6057776634675798,0.03
980,-0.9644224348221232,-111.51743541497038,-3.6057776634675798,0.03
981,-1.8960294319488238,-184.0124707902097,-3.6057776634675798,0.03
982,-1.225861179487282,-142.7203154657272,-3.6057776634675798,0.03
983,-1.8493258422335097,-163.25429522439725,-3.6057776634675798,0.03
984,-1.3978189093763225,-138.95591145926892,-3.6057776634675798,0.03
985,0.9312790828499575,91.52842225512387,-3.6057776634675798,0.03
986,0.6432728021729819,48.99663478308461,-3.6057776634675798,0.03
987,-1.5199374758325572,-180.04938581868325,-3.6057776634675798,0.03
988,0.6748666165203336,55.4255122965942,-3.6057776634675798,0.03
989,1.4955391089255847,112.47580561622695,-3.6057776634675798,0.03
990,0.6914623667904154,69.5662695398882,-3.6057776634675798,0.03
991,-1.2020644346199236,-118.36663160245544,-3.6057776634675798,0.03
992,-1.348914766106878,-152.84611887206083,-3.6057776634675798,0.03
993,-1.4807083446264124,-219.95454361735636,-3.6057776634675798,0.03
994,-2.0663463383372442,-239.82569574008286,-3.6057776634675798,0.03
995,0.784035307833033,72.61111887228842,-3.6057776634675798,0.03
996,-2.4710631300641763,-185.98153389231234,-3.6057776634675798,0.03
997,2.640506329746673,273.04540290818557,-3.6057776634675798,0.03
998,-1.8596264502899118,-211.23741572620224,-3.6057776634675798,0.03
999,0.9750348101267492,110.22885006038155,-3.6057776634675798,0.03
